token,unmatched_count,suggested_folder
varien,88,UNCATEGORIZED
drum,52,UNCATEGORIZED
fill,35,UNCATEGORIZED
bpm150,33,06 Loops & Grooves/All Styles/Unsorted BPM
drums,28,UNCATEGORIZED
bw,26,UNCATEGORIZED
top,19,UNCATEGORIZED
so,16,UNCATEGORIZED
tsp,16,UNCATEGORIZED
crash,14,UNCATEGORIZED
full,14,UNCATEGORIZED
zenhiser,13,UNCATEGORIZED
hrd,13,UNCATEGORIZED
01,12,UNCATEGORIZED
128,12,UNCATEGORIZED
os,12,UNCATEGORIZED
fl,11,UNCATEGORIZED
kshmr,11,UNCATEGORIZED
80,10,UNCATEGORIZED
drm130,10,UNCATEGORIZED
ride,10,UNCATEGORIZED
150,10,UNCATEGORIZED
break,10,UNCATEGORIZED
ds,9,UNCATEGORIZED
120,9,UNCATEGORIZED
guitar,8,UNCATEGORIZED
bm,8,UNCATEGORIZED
ebm,8,UNCATEGORIZED
02,8,UNCATEGORIZED
90,8,UNCATEGORIZED
beat,8,UNCATEGORIZED
lh,8,UNCATEGORIZED
126bpm,8,06 Loops & Grooves/All Styles/Unsorted BPM
snap,8,UNCATEGORIZED
aati,7,UNCATEGORIZED
bs,7,UNCATEGORIZED
04,7,UNCATEGORIZED
10,7,UNCATEGORIZED
05,7,UNCATEGORIZED
stack,7,UNCATEGORIZED
melodic,7,UNCATEGORIZED
prc,7,UNCATEGORIZED
shaker,7,UNCATEGORIZED
darbuka,6,UNCATEGORIZED
174,6,UNCATEGORIZED
rgd,6,UNCATEGORIZED
ts,6,UNCATEGORIZED
kit,6,UNCATEGORIZED
pl,6,UNCATEGORIZED
rudeboy,6,UNCATEGORIZED
130,6,UNCATEGORIZED
ukg,5,UNCATEGORIZED
126,5,UNCATEGORIZED
up,5,UNCATEGORIZED
cymbal,5,UNCATEGORIZED
mode,5,UNCATEGORIZED
125,5,UNCATEGORIZED
reverse,5,04 FX/Glitches & Stutters
noise,5,UNCATEGORIZED
sgl,5,UNCATEGORIZED
tamb,5,UNCATEGORIZED
ct,5,UNCATEGORIZED
140,5,UNCATEGORIZED
au,5,UNCATEGORIZED
91v,5,UNCATEGORIZED
dry,5,UNCATEGORIZED
dm,5,UNCATEGORIZED
piano,5,UNCATEGORIZED
stab,5,UNCATEGORIZED
oliver,5,UNCATEGORIZED
the,5,UNCATEGORIZED
140bpm,5,06 Loops & Grooves/All Styles/Unsorted BPM
brs,4,UNCATEGORIZED
quotes,4,UNCATEGORIZED
amin,4,UNCATEGORIZED
170,4,UNCATEGORIZED
keys,4,UNCATEGORIZED
fm,4,UNCATEGORIZED
em,4,UNCATEGORIZED
vo,4,UNCATEGORIZED
hn,4,UNCATEGORIZED
laser,4,UNCATEGORIZED
06,4,UNCATEGORIZED
party,4,UNCATEGORIZED
electric,4,UNCATEGORIZED
wide,4,UNCATEGORIZED
orbit,4,UNCATEGORIZED
128bpm,4,06 Loops & Grooves/All Styles/Unsorted BPM
90bpm,4,06 Loops & Grooves/All Styles/Unsorted BPM
tom,4,UNCATEGORIZED
souljah,3,UNCATEGORIZED
kit03,3,UNCATEGORIZED
s011te,3,UNCATEGORIZED
wet,3,UNCATEGORIZED
03,3,UNCATEGORIZED
minor,3,UNCATEGORIZED
kit2,3,UNCATEGORIZED
pop,3,UNCATEGORIZED
very,3,UNCATEGORIZED
175,3,UNCATEGORIZED
white,3,04 FX/Impacts
house,3,UNCATEGORIZED
ar,3,UNCATEGORIZED
rise,3,UNCATEGORIZED
starter,3,UNCATEGORIZED
song,3,UNCATEGORIZED
dmin,3,UNCATEGORIZED
ft,3,UNCATEGORIZED
sbh,3,UNCATEGORIZED
15,3,UNCATEGORIZED
172,3,UNCATEGORIZED
jump,3,UNCATEGORIZED
ebmin,3,UNCATEGORIZED
12,3,UNCATEGORIZED
top125,3,UNCATEGORIZED
124,3,UNCATEGORIZED
coin,3,UNCATEGORIZED
95,3,UNCATEGORIZED
shout,3,UNCATEGORIZED
boyvoiceclip,3,UNCATEGORIZED
gunshotshotgun,3,UNCATEGORIZED
34,3,UNCATEGORIZED
th,3,UNCATEGORIZED
ihd,3,UNCATEGORIZED
08,3,UNCATEGORIZED
dpw,3,UNCATEGORIZED
rides,3,UNCATEGORIZED
you,3,UNCATEGORIZED
g#m,3,UNCATEGORIZED
kit02,3,UNCATEGORIZED
kit05,3,UNCATEGORIZED
newjungle,3,UNCATEGORIZED
07,3,UNCATEGORIZED
clp,3,UNCATEGORIZED
tops,2,UNCATEGORIZED
addict,2,UNCATEGORIZED
16,2,UNCATEGORIZED
long,2,UNCATEGORIZED
te1,2,UNCATEGORIZED
v1,2,UNCATEGORIZED
clpsnr,2,UNCATEGORIZED
tv,2,UNCATEGORIZED
abmin,2,UNCATEGORIZED
strings,2,UNCATEGORIZED
voices,2,UNCATEGORIZED
ambience,2,UNCATEGORIZED
hv,2,UNCATEGORIZED
clock,2,UNCATEGORIZED
main,2,UNCATEGORIZED
city,2,UNCATEGORIZED
maji,2,UNCATEGORIZED
tl,2,UNCATEGORIZED
vdm,2,UNCATEGORIZED
lfe,2,UNCATEGORIZED
snr,2,UNCATEGORIZED
la,2,UNCATEGORIZED
vbr,2,UNCATEGORIZED
songstarter,2,UNCATEGORIZED
d#min,2,UNCATEGORIZED
resampled,2,UNCATEGORIZED
d#m,2,UNCATEGORIZED
ahp3,2,UNCATEGORIZED
rare,2,UNCATEGORIZED
pon,2,UNCATEGORIZED
memba,2,UNCATEGORIZED
wind,2,UNCATEGORIZED
ftk,2,UNCATEGORIZED
alarm,2,UNCATEGORIZED
vv,2,UNCATEGORIZED
bth3,2,UNCATEGORIZED
mid,2,UNCATEGORIZED
vinyl,2,UNCATEGORIZED
tape,2,UNCATEGORIZED
intro,2,UNCATEGORIZED
111,2,UNCATEGORIZED
layered,2,UNCATEGORIZED
tjd,2,UNCATEGORIZED
70,2,UNCATEGORIZED
game,2,UNCATEGORIZED
eba,2,UNCATEGORIZED
fnf,2,UNCATEGORIZED
133,2,UNCATEGORIZED
csva,2,UNCATEGORIZED
09,2,UNCATEGORIZED
bongo,2,UNCATEGORIZED
fmin,2,UNCATEGORIZED
115,2,UNCATEGORIZED
110,2,UNCATEGORIZED
pmjp3,2,UNCATEGORIZED
mus125,2,UNCATEGORIZED
senpai,2,UNCATEGORIZED
vbp,2,UNCATEGORIZED
sm,2,UNCATEGORIZED
bb,2,UNCATEGORIZED
carenginerev,2,UNCATEGORIZED
za01,2,UNCATEGORIZED
138,2,UNCATEGORIZED
004,2,UNCATEGORIZED
mbo,2,UNCATEGORIZED
melody,2,UNCATEGORIZED
