folder,keyword
01 Drums/Kicks,kick
01 Drums/Kicks,acoustic kick
01 Drums/Kicks,electronic kick
01 Drums/Kicks,808 kick
01 Drums/Kicks,punchy kick
01 Drums/Kicks,subby kick
01 Drums/Kicks,distorted kick
01 Drums/Kicks,clicky kick
01 Drums/Snares,snare
01 Drums/Snares,acoustic snare
01 Drums/Snares,electronic snare
01 Drums/Snares,rimshot
01 Drums/Snares,snare rim
01 Drums/Snares,snare roll
01 Drums/Snares,snare ghost
01 Drums/Snares,snare flam
01 Drums/Snares,snare fill
01 Drums/Claps,clap
01 Drums/Claps,stacked clap
01 Drums/Claps,wide clap
01 Drums/Claps,snap
01 Drums/Claps,finger snap
01 Drums/Hats,hihat
01 Drums/Hats,hi hat
01 Drums/Hats,closed hihat
01 Drums/Hats,closed hat
01 Drums/Hats,open hihat
01 Drums/Hats,open hat
01 Drums/Hats,hat loop
01 Drums/Hats,hi hat loop
01 Drums/Toms,tom
01 Drums/Toms,floor tom
01 Drums/Toms,rack tom
01 Drums/Cymbals,ride
01 Drums/Cymbals,ride cymbal
01 Drums/Cymbals,crash
01 Drums/Cymbals,crash cymbal
01 Drums/Cymbals,splash
01 Drums/Cymbals,china cymbal
01 Drums/Drum Fills,breakbeat
01 Drums/Drum Fills,drum break
01 Drums/Drum Fills,drum fill
01 Drums/Drum Fills,fill
01 Drums/Drum Fills,drum loop
01 Drums/Drum Fills,drum top loop
01 Drums/Drum Fills,top loop
01 Drums/Percussion,perc
01 Drums/Percussion,percussion
01 Drums/Percussion,percussion loop
01 Drums/Percussion,percussion one shot
01 Drums/Percussion,shaker
01 Drums/Percussion,tambourine
01 Drums/Percussion,cowbell
01 Drums/Percussion,woodblock
01 Drums/Percussion,triangle
01 Drums/Percussion,blocks
01 Drums/Percussion,hand drum
01 Drums/Percussion,frame drum
01 Drums/Percussion,bongo
01 Drums/Percussion,bongos
01 Drums/Percussion,conga
01 Drums/Percussion,djembe
01 Drums/Percussion,timbale
01 Drums/Percussion,timbales
01 Drums/Percussion,clave
01 Drums/Percussion,guiro
01 Drums/Percussion,agogo
02 Bass,bass
02 Bass,sub bass
02 Bass,bass one shot
02 Bass,bass loop
02 Bass,808
02 Bass,808 one shot
02 Bass,808 kick
02 Bass,reese bass
02 Bass,wobble bass
02 Bass,fm bass
02 Bass,growl bass
02 Bass,sub drop
03 Synths & Leads,synth
03 Synths & Leads,synth melody
03 Synths & Leads,synth one shot
03 Synths & Leads,synth loop
03 Synths & Leads,arp
03 Synths & Leads,arpeggio
03 Synths & Leads,arp loop
03 Synths & Leads,synth chord
03 Synths & Leads,chords
03 Synths & Leads,chord stab
03 Synths & Leads,texture
03 Synths & Leads,texture loop
03 Synths & Leads,soundscape
03 Synths & Leads,drone
03 Synths & Leads,keys
03 Synths & Leads,keys loop
03 Synths & Leads,keys melody
03 Synths & Leads,electric piano
03 Synths & Leads,electric piano loop
03 Synths & Leads,wurlitzer
03 Synths & Leads,organ
03 Synths & Leads,organ loop
03 Synths & Leads,chord
03 Synths & Leads,chord progression
03 Synths & Leads/Leads,lead
03 Synths & Leads/Leads,lead synth
03 Synths & Leads/Leads,mono lead
03 Synths & Leads/Leads,poly lead
03 Synths & Leads/Pads,pad
03 Synths & Leads/Pads,string pad
03 Synths & Leads/Pads,ambient pad
03 Synths & Leads/Plucks,pluck
03 Synths & Leads/Plucks,pluck synth
03 Synths & Leads/Piano,piano
03 Synths & Leads/Piano,piano loop
03 Synths & Leads/Piano,piano one shot
09 Instruments & Real Sounds/Guitar,guitar
09 Instruments & Real Sounds/Guitar,guitar loop
09 Instruments & Real Sounds/Guitar,guitar riff
09 Instruments & Real Sounds/Guitar,guitar chop
09 Instruments & Real Sounds/Guitar,electric guitar
09 Instruments & Real Sounds/Guitar,acoustic guitar
09 Instruments & Real Sounds/Guitar,acoustic guitar loop
09 Instruments & Real Sounds/Guitar,clean guitar
09 Instruments & Real Sounds/Guitar,overdriven guitar
09 Instruments & Real Sounds/Guitar,distorted guitar
09 Instruments & Real Sounds/Guitar,strum
09 Instruments & Real Sounds/Guitar,pluck guitar
09 Instruments & Real Sounds/Strings,strings
09 Instruments & Real Sounds/Strings,string riff
09 Instruments & Real Sounds/Strings,string ensemble
09 Instruments & Real Sounds/Strings,violin
09 Instruments & Real Sounds/Strings,viola
09 Instruments & Real Sounds/Strings,cello
09 Instruments & Real Sounds/Strings,double bass
09 Instruments & Real Sounds/Strings,ensemble
09 Instruments & Real Sounds/Brass,brass
09 Instruments & Real Sounds/Brass,trumpet
09 Instruments & Real Sounds/Brass,trombone
09 Instruments & Real Sounds/Brass,horn section
09 Instruments & Real Sounds/Woodwinds,woodwinds
09 Instruments & Real Sounds/Woodwinds,saxophone
09 Instruments & Real Sounds/Woodwinds,flute
09 Instruments & Real Sounds/Woodwinds,clarinet
09 Instruments & Real Sounds/Mallets,mallets
09 Instruments & Real Sounds/Mallets,marimba
09 Instruments & Real Sounds/Mallets,vibraphone
09 Instruments & Real Sounds/Mallets,xylophone
09 Instruments & Real Sounds/Bells,bells
09 Instruments & Real Sounds/Bells,music box
05 Vocals,vocals
05 Vocals,vocal one shot
05 Vocals,vocal loop
05 Vocals,female vocal
05 Vocals,male vocal
05 Vocals,choir
05 Vocals,background vocals
05 Vocals,gang vocals
05 Vocals,vocoder
05 Vocals,talkbox
05 Vocals,spoken word
05 Vocals,whisper
05 Vocals,scream
05 Vocals,chant
05 Vocals,dialogue
05 Vocals/Phrases,vocal chop
05 Vocals/Phrases,vocal phrase
05 Vocals/Phrases,vocal hook
05 Vocals/Phrases,rap phrase
05 Vocals/FX,vocal fx
05 Vocals/FX,vocal adlib
05 Vocals/FX,vocal shout
05 Vocals/FX,vocal shouts
05 Vocals/FX,vocal glitch
05 Vocals/FX,vocal riser
05 Vocals/FX,vocal stutter
04 FX,fx
04 FX,sfx
04 FX,sound fx
04 FX,transition fx
04 FX/Impacts,impact
04 FX/Impacts,hit fx
04 FX/Impacts,cinematic hit
04 FX/Impacts,cinematic impact
04 FX/Impacts,sub impact
04 FX/Impacts,metal hit
04 FX/Impacts,wood hit
04 FX/Impacts,glass hit
04 FX/Impacts,industrial hit
04 FX/Impacts,boom
04 FX/Motion,whoosh
04 FX/Motion,swoosh
04 FX/Motion,sweep
04 FX/Motion,up sweep
04 FX/Motion,down sweep
04 FX/Motion,riser
04 FX/Motion,short riser
04 FX/Motion,long riser
04 FX/Motion,uplifter
04 FX/Motion,downlifter
04 FX/Motion,drop fx
04 FX/Motion,build fx
04 FX/Motion,build up
04 FX/Motion,transition up
04 FX/Motion,transition down
04 FX/Reverse,reverse
04 FX/Reverse,reverse crash
04 FX/Reverse,reverse vocal
04 FX/Glitches & Stutters,stutter
04 FX/Glitches & Stutters,glitch
04 FX/Glitches & Stutters,glitch hit
04 FX/Glitches & Stutters,glitch loop
04 FX/Glitches & Stutters,bitcrush fx
04 FX/Glitches & Stutters,bit crushed
04 FX/Glitches & Stutters,digital error
04 FX/DJ,spinback
04 FX/DJ,spin back
04 FX/DJ,rewind fx
04 FX/DJ,tape stop
04 FX/DJ,tape start
04 FX/DJ,scratch
04 FX/DJ,turntable scratch
04 FX/DJ,dj scratch
04 FX/DJ,brake fx
04 FX/Ambience,reverb tail
04 FX/Ambience,delay throw
04 FX/Ambience,echo
04 FX/Ambience,ambience
04 FX/Ambience,room tone
04 FX/Ambience,atmosphere
04 FX/Ambience,atmo
04 FX/Ambience,impact reverb
04 FX/Noise,noise
04 FX/Noise,noise fx
04 FX/Noise,white noise
04 FX/Noise,pink noise
04 FX/Noise,sweep noise
04 FX/Noise,vinyl noise
04 FX/Noise,vinyl crackle
04 FX/Noise,tape noise
04 FX/Noise,tape hiss
04 FX/Foley,foley
04 FX/Foley,foley step
04 FX/Foley,field recording
04 FX/Foley,rain
04 FX/Foley,wind
04 FX/Foley,crowd noise
04 FX/Foley,city ambience
04 FX/Foley,forest ambience
04 FX/Foley,live sounds
06 Loops & Grooves,loop
06 Loops & Grooves,drum loop
06 Loops & Grooves,melodic loop
06 Loops & Grooves,bass loop
06 Loops & Grooves,synth loop
06 Loops & Grooves,vocal loop
06 Loops & Grooves,guitar loop
06 Loops & Grooves,piano loop
06 Loops & Grooves,pad loop
06 Loops & Grooves,arp loop
06 Loops & Grooves,percussion loop
07 One Shots,one shot
07 One Shots,oneshot
07 One Shots,drum shot
07 One Shots,bass one shot
07 One Shots,synth one shot
07 One Shots,vocal one shot
07 One Shots,piano one shot
07 One Shots,hit
07 One Shots,stab
07 One Shots,stabs
04 FX/Risers,riser
04 FX/Risers,risers
04 FX/Downers,downer
04 FX/Downers,downers
04 FX/Spinbacks,spinback
04 FX/Spinbacks,spinbacks
04 FX/Sweeps,sweep
04 FX/Sweeps,sweeps
04 FX/Impacts,impact
04 FX/Impacts,impacts
04 FX/Glitches & Stutters,glitch
04 FX/Glitches & Stutters,stutter
04 FX/Glitches & Stutters,stutters
04 FX/Foley,foley
04 FX/Textures & Atmos,texture
04 FX/Textures & Atmos,atmo
04 FX/Textures & Atmos,atmos
04 FX/Textures & Atmos,atmosphere
04 FX/Transitions,transition
04 FX/Transitions,transitions
01 Drums/Hats/Open Hats,openhat
01 Drums/Hats/Open Hats,open hat
01 Drums/Hats/Open Hats,open-hat
01 Drums/Hats/Open Hats,open_hat
01 Drums/Hats/Open Hats,oh
01 Drums/Hats/Closed Hats,closedhat
01 Drums/Hats/Closed Hats,closed hat
01 Drums/Hats/Closed Hats,closed-hat
01 Drums/Hats/Closed Hats,closed_hat
01 Drums/Hats/Closed Hats,ch
01 Drums/Hats/Closed Hats,closed
01 Drums/Hats,hat
01 Drums/Hats,hihat
01 Drums/Hats,hi-hat
01 Drums/Hats,hats
01 Drums/Kicks,kick
01 Drums/Kicks,808
01 Drums/Snares,snare
01 Drums/Snares,snares
01 Drums/Claps,clap
01 Drums/Claps,claps
01 Drums/Percussion,perc
01 Drums/Percussion,percussion
01 Drums/Percussion,percs
01 Drums/Snares,rim
01 Drums/Snares,rimshot
02 Bass,bass
03 Synths & Leads,lead
03 Synths & Leads,leads
03 Synths & Leads,synth
03 Synths & Leads,synths
03 Synths & Leads,pad
05 Vocals/Vocal One Shots,vocal
05 Vocals/Vocal One Shots,vox
05 Vocals/Vocal One Shots,acapella
05 Vocals/Vocal One Shots,acapella
05 Vocals/Vocal One Shots,acappella
06 Loops & Grooves/All Styles/Unsorted BPM,loop
06 Loops & Grooves/All Styles/Unsorted BPM,loops
06 Loops & Grooves/All Styles/Unsorted BPM,groove
06 Loops & Grooves/All Styles/Unsorted BPM,grooves
07 One Shots,oneshot
07 One Shots,one-shot
07 One Shots,one_shot
07 One Shots,one shots
04 FX,fx
